Company Name,Company Name link,Rating,Number of Ratings,Address,Phone Number,WhatsApp Link,Service
Shah AIR Cool,https://www.justdial.com/Thane/Shah-AIR-Cool-Palava-City/022PXX22-XX22-231005182331-X6T7_BZDET?trkid=&term=&ncatid=10890481&area=&search=Popular%20AC%20Repair%20&%20Services%20in%20Mumbai&mncatname=AC%20Repair%20%26%20Services&ftterm=&abd_btn=Send%20Enquiry&abd_heading=AC%20Repair%20&%20Services&isOpenAbd=1&bd=1&cat_b2b_flag=0&searchfrom=lst&thumbnail=,4.9,225 Ratings,"Palava City Phase 2 Palava City, Thane",09035439250,WhatsApp,
Cool India Enterprises,https://www.justdial.com/Mumbai/Cool-India-Enterprises-Near-Nahar-Amrit-Shakti-Andheri-East/022PXX22-XX22-110831111304-F8X9_BZDET?trkid=&term=&ncatid=10890481&area=&search=Popular%20AC%20Repair%20&%20Services%20in%20Mumbai&mncatname=AC%20Repair%20%26%20Services&ftterm=&abd_btn=Send%20Enquiry&abd_heading=AC%20Repair%20&%20Services&isOpenAbd=1&bd=1&cat_b2b_flag=0&searchfrom=lst&thumbnail=,4.6,172 Ratings,"Sakinaka Andheri East, Mumbai",07383221929,WhatsApp,
IT AIR CONDITIONING WORK,https://www.justdial.com/Mumbai/IT-AIR-CONDITIONING-WORK-Behind-Shivaji-Nagar-Police-Station-Govandi-West/022PXX22-XX22-221130114245-X7R9_BZDET?trkid=&term=&ncatid=10890481&area=&search=Popular%20AC%20Repair%20&%20Services%20in%20Mumbai&mncatname=AC%20Repair%20%26%20Services&ftterm=&abd_btn=Send%20Enquiry&abd_heading=AC%20Repair%20&%20Services&isOpenAbd=1&bd=1&cat_b2b_flag=0&searchfrom=lst&thumbnail=,4.6,59 Ratings,"Mhada Colony Govandi West, Mumbai",09972845270,WhatsApp,AC Repair & Services Electronic Goods Repair & Services
ZAN Enterprises,https://www.justdial.com/Mumbai/ZAN-Enterprises-Opposite-Petrol-Pump-Kandivali-West/022PXX22-XX22-240227200238-P1K6_BZDET?trkid=&term=&ncatid=10890481&area=&search=Popular%20AC%20Repair%20&%20Services%20in%20Mumbai&mncatname=AC%20Repair%20%26%20Services&ftterm=&abd_btn=Send%20Enquiry&abd_heading=AC%20Repair%20&%20Services&isOpenAbd=1&bd=1&cat_b2b_flag=0&searchfrom=lst&thumbnail=,4.3,28 Ratings,"Charkop Road Kandivali West, Mumbai",08460510337,WhatsApp,AC Repair & Services Second Hand AC Dealers
Oca Solutions Pvt Ltd,https://www.justdial.com/Mumbai/Oca-Solutions-Pvt-Ltd-Opposite-To-Reliance-Energy-Malad-East/022PXX22-XX22-171125174613-Q3X8_BZDET?trkid=&term=&ncatid=10890481&area=&search=Popular%20AC%20Repair%20&%20Services%20in%20Mumbai&mncatname=AC%20Repair%20%26%20Services&ftterm=&abd_btn=Send%20Enquiry&abd_heading=AC%20Repair%20&%20Services&isOpenAbd=1&bd=1&cat_b2b_flag=0&searchfrom=lst&thumbnail=,4.8,251 Ratings,"Western Express Highway Malad East, Mumbai",Show Number,WhatsApp,AC Repair & Services AC Installation Services
Vaishnavi AIR Cool Services,https://www.justdial.com/Thane/Vaishnavi-AIR-Cool-Services-Near-Dr-Patil-Clinic-Kalwa-Thane/022PXX22-XX22-241219175721-J9Q7_BZDET?trkid=&term=&ncatid=10890481&area=&search=Popular%20AC%20Repair%20&%20Services%20in%20Mumbai&mncatname=AC%20Repair%20%26%20Services&ftterm=&abd_btn=Send%20Enquiry&abd_heading=AC%20Repair%20&%20Services&isOpenAbd=1&bd=1&cat_b2b_flag=0&searchfrom=lst&thumbnail=,4.2,12 Ratings,"Rana Nagar 1 Kalwa Thane, Thane",08460246663,WhatsApp,AC Repair & Services AC On Rent
Sanvi Enterprises,https://www.justdial.com/Mumbai/Sanvi-Enterprises-Ashok-Nagar-Dahisar-East/022PXX22-XX22-190121124550-K1K7_BZDET?trkid=&term=&ncatid=10890481&area=&search=Popular%20AC%20Repair%20&%20Services%20in%20Mumbai&mncatname=AC%20Repair%20%26%20Services&ftterm=&abd_btn=Send%20Enquiry&abd_heading=AC%20Repair%20&%20Services&isOpenAbd=1&bd=1&cat_b2b_flag=0&searchfrom=lst&thumbnail=,4.7,362 Ratings,"Ashok Nagar Dahisar East, Mumbai",07405967962,WhatsApp,AC Repair & Services Refrigerator Repair & Services
Snow Cool Services,https://www.justdial.com/Mumbai/Snow-Cool-Services-Near-Bangur-Nagar-Goregaon-West/022PXX22-XX22-110730120843-G8N1_BZDET?trkid=&term=&ncatid=10890481&area=&search=Popular%20AC%20Repair%20&%20Services%20in%20Mumbai&mncatname=AC%20Repair%20%26%20Services&ftterm=&abd_btn=Send%20Enquiry&abd_heading=AC%20Repair%20&%20Services&isOpenAbd=1&bd=1&cat_b2b_flag=0&searchfrom=lst&thumbnail=,4.8,453 Ratings,"Link Road Goregaon West, Mumbai",09845209650,WhatsApp,AC Repair & Services Split AC Repair & Services
Mahavirji Cool Service,https://www.justdial.com/Kalyan/Mahavirji-Cool-Service-Near-Tata-Power-House-Kalyan-East/022PXX22-XX22-231221170431-D6A3_BZDET?trkid=&term=&ncatid=10890481&area=&search=Popular%20AC%20Repair%20&%20Services%20in%20Mumbai&mncatname=AC%20Repair%20%26%20Services&ftterm=&abd_btn=Send%20Enquiry&abd_heading=AC%20Repair%20&%20Services&isOpenAbd=1&bd=1&cat_b2b_flag=0&searchfrom=lst&thumbnail=,4.4,58 Ratings,"Pisawali Road Kalyan East, Kalyan",08460224689,WhatsApp,AC Repair & Services Refrigerator Repair & Services
RB Cool Services,https://www.justdial.com/Navi-Mumbai/RB-Cool-Services-Ulwe-Sector-19/022PXX22-XX22-240615153125-P7G5_BZDET?trkid=&term=&ncatid=10890481&area=&search=Popular%20AC%20Repair%20&%20Services%20in%20Mumbai&mncatname=AC%20Repair%20%26%20Services&ftterm=&abd_btn=Send%20Enquiry&abd_heading=AC%20Repair%20&%20Services&isOpenAbd=1&bd=1&cat_b2b_flag=0&searchfrom=lst&thumbnail=,4.9,19 Ratings,"Near Dmart Ulwe Sector 19, Navi Mumbai",08460421957,WhatsApp,AC Repair & Services AC Installation Services
AIR Cool Service,https://www.justdial.com/Mumbai/AIR-Cool-Service-Near-Shoppers-Stop-Vile-Parle-West/022PXX22-XX22-160329090122-P5D4_BZDET?trkid=&term=&ncatid=10890481&area=&search=Popular%20AC%20Repair%20&%20Services%20in%20Mumbai&mncatname=AC%20Repair%20%26%20Services&ftterm=&abd_btn=Send%20Enquiry&abd_heading=AC%20Repair%20&%20Services&isOpenAbd=1&bd=1&cat_b2b_flag=0&searchfrom=lst&thumbnail=,4.5,166 Ratings,"S V Road Vile Parle West, Mumbai",09845435693,WhatsApp,AC Repair & Services Refrigerator Repair & Services
Siddhesh Aircool,https://www.justdial.com/Navi-Mumbai/Siddhesh-Aircool-Near-Sai-Mandir-Kamothe/022PXX22-XX22-180112172129-M1N6_BZDET?trkid=&term=&ncatid=10890481&area=&search=Popular%20AC%20Repair%20&%20Services%20in%20Mumbai&mncatname=AC%20Repair%20%26%20Services&ftterm=&abd_btn=Send%20Enquiry&abd_heading=AC%20Repair%20&%20Services&isOpenAbd=1&bd=1&cat_b2b_flag=0&searchfrom=lst&thumbnail=,4.2,15 Ratings,"Sector 6A Kamothe, Navi Mumbai",07487094342,WhatsApp,Central AC Repair & Services AC Repair & Services
Cool N Cool Enterprises,https://www.justdial.com/Thane/Cool-N-Cool-Enterprises-Near-Amar-Palace-Kashimira-Mira-Road-East/022PXX22-XX22-191208111407-I4F6_BZDET?trkid=&term=&ncatid=10890481&area=&search=Popular%20AC%20Repair%20&%20Services%20in%20Mumbai&mncatname=AC%20Repair%20%26%20Services&ftterm=&abd_btn=Send%20Enquiry&abd_heading=AC%20Repair%20&%20Services&isOpenAbd=1&bd=1&cat_b2b_flag=0&searchfrom=lst&thumbnail=,4.4,27 Ratings,"Western Express Highway Mira Road East, Thane",08401910685,WhatsApp,AC Installation Services AC Repair & Services
Om Shanti AC Refrigerator & Electricals,https://www.justdial.com/Navi-Mumbai/Om-Shanti-AC-Refrigerator-Electricals-Opposite-New-Bombay-Tyre-Uran/022PXX22-XX22-140414135408-I7T9_BZDET?trkid=&term=&ncatid=10890481&area=&search=Popular%20AC%20Repair%20&%20Services%20in%20Mumbai&mncatname=AC%20Repair%20%26%20Services&ftterm=&abd_btn=Send%20Enquiry&abd_heading=AC%20Repair%20&%20Services&isOpenAbd=1&bd=1&cat_b2b_flag=0&searchfrom=lst&thumbnail=,4.2,18 Ratings,"Uran Bokadveera Gaon Uran, Navi Mumbai",09845257548,WhatsApp,Electric Iron Repair & Services AC Repair & Services
Noman Cool,https://www.justdial.com/Navi-Mumbai/Noman-Cool-Near-Railway-Station-Taloja/022PXX22-XX22-190411231146-E6M2_BZDET?trkid=&term=&ncatid=10890481&area=&search=Popular%20AC%20Repair%20&%20Services%20in%20Mumbai&mncatname=AC%20Repair%20%26%20Services&ftterm=&abd_btn=Send%20Enquiry&abd_heading=AC%20Repair%20&%20Services&isOpenAbd=1&bd=1&cat_b2b_flag=0&searchfrom=lst&thumbnail=,4.3,382 Ratings,"Plot No. 2 & 3 Taloja, Navi Mumbai",09972260892,WhatsApp,AC Repair & Services AC Repair & Services-Daikin
T S AIR Cool Service,https://www.justdial.com/Kalyan/T-S-AIR-Cool-Service-Near-Hanuman-Mandir-Kalyan-West/022PXX22-XX22-231007113155-Y9A6_BZDET?trkid=&term=&ncatid=10890481&area=&search=Popular%20AC%20Repair%20&%20Services%20in%20Mumbai&mncatname=AC%20Repair%20%26%20Services&ftterm=&abd_btn=Send%20Enquiry&abd_heading=AC%20Repair%20&%20Services&isOpenAbd=1&bd=1&cat_b2b_flag=0&searchfrom=lst&thumbnail=,4.3,98 Ratings,"Barave Gaon Godrej Hill Road Kalyan West, Kalyan",07405699829,WhatsApp,AC Repair & Services Refrigerator Repair & Services
Good Luck Cool Service,https://www.justdial.com/Navi-Mumbai/Good-Luck-Cool-Service-Near-Khanda-Colony-Panvel/022PXX22-XX22-230814115918-K5U6_BZDET?trkid=&term=&ncatid=10890481&area=&search=Popular%20AC%20Repair%20&%20Services%20in%20Mumbai&mncatname=AC%20Repair%20%26%20Services&ftterm=&abd_btn=Send%20Enquiry&abd_heading=AC%20Repair%20&%20Services&isOpenAbd=1&bd=1&cat_b2b_flag=0&searchfrom=lst&thumbnail=,3.6,156 Ratings,"Sector -9 Panvel, Navi Mumbai",07485976637,WhatsApp,
Paramount Aircondition,https://www.justdial.com/Mumbai/Paramount-Aircondition-Near-Juhu-Circle-Juhu/022PXX22-XX22-160328131656-Z2N2_BZDET?trkid=&term=&ncatid=10890481&area=&search=Popular%20AC%20Repair%20&%20Services%20in%20Mumbai&mncatname=AC%20Repair%20%26%20Services&ftterm=&abd_btn=Send%20Enquiry&abd_heading=AC%20Repair%20&%20Services&isOpenAbd=1&bd=1&cat_b2b_flag=0&searchfrom=lst&thumbnail=,4.5,152 Ratings,"Juhu Versova Link Road Juhu, Mumbai",09845435561,WhatsApp,AC Repair & Services Split AC Repair & Services
M S Electronics Repair & Service Centre,https://www.justdial.com/Mumbai/M-S-Electronics-Repair-Service-Centre-Nagpada-Mumbai-Central/022PXX22-XX22-250510143703-F7V8_BZDET?trkid=&term=&ncatid=10890481&area=&search=Popular%20AC%20Repair%20&%20Services%20in%20Mumbai&mncatname=AC%20Repair%20%26%20Services&ftterm=&abd_btn=Send%20Enquiry&abd_heading=AC%20Repair%20&%20Services&isOpenAbd=1&bd=1&cat_b2b_flag=0&searchfrom=lst&thumbnail=,5.0,8 Ratings,"Nagpada-Mumbai Central, Mumbai",08105375684,WhatsApp,
AIR Cool Engineers,https://www.justdial.com/Mumbai/AIR-Cool-Engineers-Near-Orlem-Church-Malad-West/022PXX22-XX22-110803155958-Z8Y2_BZDET?trkid=&term=&ncatid=10890481&area=&search=Popular%20AC%20Repair%20&%20Services%20in%20Mumbai&mncatname=AC%20Repair%20%26%20Services&ftterm=&abd_btn=Send%20Enquiry&abd_heading=AC%20Repair%20&%20Services&isOpenAbd=1&bd=1&cat_b2b_flag=0&searchfrom=lst&thumbnail=,4.5,312 Ratings,"Marve Raod Malad West, Mumbai",09845209770,WhatsApp,AC Repair & Services Split AC Repair & Services
Samayra Services,https://www.justdial.com/Mumbai/Samayra-Services-Behind-Chamunda-Jewel-Goregaon-West/022PXX22-XX22-230612145523-G3M8_BZDET?trkid=&term=&ncatid=10890481&area=&search=Popular%20AC%20Repair%20&%20Services%20in%20Mumbai&mncatname=AC%20Repair%20%26%20Services&ftterm=&abd_btn=Send%20Enquiry&abd_heading=AC%20Repair%20&%20Services&isOpenAbd=1&bd=1&cat_b2b_flag=0&searchfrom=lst&thumbnail=,4.0,13 Ratings,"Road No1 Goregaon West, Mumbai",08123351011,WhatsApp,AC Repair & Services Refrigerator Repair & Services
Aditya Ac Service,https://www.justdial.com/Navi-Mumbai/Aditya-Ac-Service-Near-Marathi-School-Ulwe-Sector-24/022PXX22-XX22-240323101136-J8K3_BZDET?trkid=&term=&ncatid=10890481&area=&search=Popular%20AC%20Repair%20&%20Services%20in%20Mumbai&mncatname=AC%20Repair%20%26%20Services&ftterm=&abd_btn=Send%20Enquiry&abd_heading=AC%20Repair%20&%20Services&isOpenAbd=1&bd=1&cat_b2b_flag=0&searchfrom=lst&thumbnail=,4.7,53 Ratings,"Plot No 41 Ulwe Sector 24, Navi Mumbai",08123205510,WhatsApp,AC Repair & Services AC Installation Services
A R Cool Airconditionee,https://www.justdial.com/Thane/A-R-Cool-Airconditionee-Near-Hatkesh-Mira-Road-East/022PXX22-XX22-250205144654-D2H3_BZDET?trkid=&term=&ncatid=10890481&area=&search=Popular%20AC%20Repair%20&%20Services%20in%20Mumbai&mncatname=AC%20Repair%20%26%20Services&ftterm=&abd_btn=Send%20Enquiry&abd_heading=AC%20Repair%20&%20Services&isOpenAbd=1&bd=1&cat_b2b_flag=0&searchfrom=lst&thumbnail=,4.6,12 Ratings,"Mira Bhayandar Mira Road East, Thane",08401119428,WhatsApp,AC Repair & Services Refrigerator Repair & Services
Lakshya AIR Conditioning,https://www.justdial.com/Mumbai/Lakshya-AIR-Conditioning-Kandivali-East/022PXX22-XX22-250518204050-B4Y3_BZDET?trkid=&term=&ncatid=10890481&area=&search=Popular%20AC%20Repair%20&%20Services%20in%20Mumbai&mncatname=AC%20Repair%20%26%20Services&ftterm=&abd_btn=Send%20Enquiry&abd_heading=AC%20Repair%20&%20Services&isOpenAbd=1&bd=1&cat_b2b_flag=0&searchfrom=lst&thumbnail=,5.0,60 Ratings,"Kandivali East, Mumbai",07411567241,WhatsApp,AC Repair & Services Washing Machine Repair & Services
M Tech Air Cool,https://www.justdial.com/Mumbai/M-Tech-Air-Cool-Laljipada-Kandivali-West/022PXX22-XX22-241117191727-I7V5_BZDET?trkid=&term=&ncatid=10890481&area=&search=Popular%20AC%20Repair%20&%20Services%20in%20Mumbai&mncatname=AC%20Repair%20%26%20Services&ftterm=&abd_btn=Send%20Enquiry&abd_heading=AC%20Repair%20&%20Services&isOpenAbd=1&bd=1&cat_b2b_flag=0&searchfrom=lst&thumbnail=,4.8,58 Ratings,"90feet Road Ganesh Kandivali West, Mumbai",07411668701,WhatsApp,
Regent Construction and Cool Service,https://www.justdial.com/Mumbai/Regent-Construction-and-Cool-Service-Near-By-Culla-Mumbai-Central/022PXX22-XX22-180302182018-K8R8_BZDET?trkid=&term=&ncatid=10890481&area=&search=Popular%20AC%20Repair%20&%20Services%20in%20Mumbai&mncatname=AC%20Repair%20%26%20Services&ftterm=&abd_btn=Send%20Enquiry&abd_heading=AC%20Repair%20&%20Services&isOpenAbd=1&bd=1&cat_b2b_flag=0&searchfrom=lst&thumbnail=,4.0,11 Ratings,"Madanpura Mumbai Central, Mumbai",08197306825,WhatsApp,
Sk Engineering AIR Cool Serviceconta,https://www.justdial.com/Mumbai/Sk-Engineering-AIR-Cool-Serviceconta-Near-Sardar-Nagar-No-1-Opposite-Building-No-5-Sion-Koliwada/022PXX22-XX22-180418130302-W4Z7_BZDET?trkid=&term=&ncatid=10890481&area=&search=Popular%20AC%20Repair%20&%20Services%20in%20Mumbai&mncatname=AC%20Repair%20%26%20Services&ftterm=&abd_btn=Send%20Enquiry&abd_heading=AC%20Repair%20&%20Services&isOpenAbd=1&bd=1&cat_b2b_flag=0&searchfrom=lst&thumbnail=,4.8,28 Ratings,"Pratikasha Naga Road Sion Koliwada, Mumbai",09054024851,WhatsApp,AC Repair & Services Refrigerator Repair & Services
Fixme Tech,https://www.justdial.com/Palghar/Fixme-Tech-Near-Bahujan-Vikas-Aghadi-Office-Nalasopara-West/022PXX22-XX22-220902094607-H8A8_BZDET?trkid=&term=&ncatid=10890481&area=&search=Popular%20AC%20Repair%20&%20Services%20in%20Mumbai&mncatname=AC%20Repair%20%26%20Services&ftterm=&abd_btn=Send%20Enquiry&abd_heading=AC%20Repair%20&%20Services&isOpenAbd=1&bd=1&cat_b2b_flag=0&searchfrom=lst&thumbnail=,4.7,29 Ratings,"3rd Road Nalasopara West, Palghar",08050203843,WhatsApp,AC Repair & Services Washing Machine Repair & Services
Perfect Electric Works,https://www.justdial.com/Mumbai/Perfect-Electric-Works-Behind-Chembur-Churchnear-Vinod-Ice-Cream-Chembur-East/022PXX22-XX22-110523164638-L5T1_BZDET?trkid=&term=&ncatid=10890481&area=&search=Popular%20AC%20Repair%20&%20Services%20in%20Mumbai&mncatname=AC%20Repair%20%26%20Services&ftterm=&abd_btn=Send%20Enquiry&abd_heading=AC%20Repair%20&%20Services&isOpenAbd=1&bd=1&cat_b2b_flag=0&searchfrom=lst&thumbnail=,3.9,37 Ratings,"St Anthony Road Chembur East, Mumbai",09845207416,WhatsApp,AC On Rent AC Repair & Services
Rehmani Ac Repairs and Services,https://www.justdial.com/Mumbai/Rehmani-Ac-Repairs-and-Services-Goregaon-West/022PXX22-XX22-250227144716-J3D3_BZDET?trkid=&term=&ncatid=10890481&area=&search=Popular%20AC%20Repair%20&%20Services%20in%20Mumbai&mncatname=AC%20Repair%20%26%20Services&ftterm=&abd_btn=Send%20Enquiry&abd_heading=AC%20Repair%20&%20Services&isOpenAbd=1&bd=1&cat_b2b_flag=0&searchfrom=lst&thumbnail=,4.5,13 Ratings,"Goregaon West, Mumbai",08460223849,WhatsApp,AC Repair & Services Refrigerator Repair & Services
Malik Aircon Service,https://www.justdial.com/Thane/Malik-Aircon-Service-Rameshwadi-Badlapur-West/022PXX22-XX22-240927111037-N8G4_BZDET?trkid=&term=&ncatid=10890481&area=&search=Popular%20AC%20Repair%20&%20Services%20in%20Mumbai&mncatname=AC%20Repair%20%26%20Services&ftterm=&abd_btn=Send%20Enquiry&abd_heading=AC%20Repair%20&%20Services&isOpenAbd=1&bd=1&cat_b2b_flag=0&searchfrom=lst&thumbnail=,5.0,24 Ratings,"Church Road Badlapur Badlapur West, Thane",09054733481,WhatsApp,AC Installation Services AC Repair & Services
Urban Expert Service,https://www.justdial.com/Mumbai/Urban-Expert-Service-Opp-Infinity-Mall-And-Dheeraj-Gaurav-Building-Borivali-West/022PXX22-XX22-170523193355-N6L3_BZDET?trkid=&term=&ncatid=10890481&area=&search=Popular%20AC%20Repair%20&%20Services%20in%20Mumbai&mncatname=AC%20Repair%20%26%20Services&ftterm=&abd_btn=Send%20Enquiry&abd_heading=AC%20Repair%20&%20Services&isOpenAbd=1&bd=1&cat_b2b_flag=0&searchfrom=lst&thumbnail=,3.7,53 Ratings,"New Link Road Borivali West, Mumbai",09845458106,WhatsApp,AC Repair & Services Refrigerator Repair & Services
A M Enterprises,https://www.justdial.com/Mumbai/A-M-Enterprises-Opp-East-Point-Bldg-Kurla-East/022PXX22-XX22-250801151524-T6N8_BZDET?trkid=&term=&ncatid=10890481&area=&search=Popular%20AC%20Repair%20&%20Services%20in%20Mumbai&mncatname=AC%20Repair%20%26%20Services&ftterm=&abd_btn=Send%20Enquiry&abd_heading=AC%20Repair%20&%20Services&isOpenAbd=1&bd=1&cat_b2b_flag=0&searchfrom=lst&thumbnail=,3.5,2 Ratings,"Station Road Kurla East, Mumbai",09980243671,WhatsApp,AC Repair & Services AC Dealers
Vistrack Services,https://www.justdial.com/Navi-Mumbai/Vistrack-Services-Ghansoli/022PXX22-XX22-250801124732-G1F4_BZDET?trkid=&term=&ncatid=10890481&area=&search=Popular%20AC%20Repair%20&%20Services%20in%20Mumbai&mncatname=AC%20Repair%20%26%20Services&ftterm=&abd_btn=Send%20Enquiry&abd_heading=AC%20Repair%20&%20Services&isOpenAbd=1&bd=1&cat_b2b_flag=0&searchfrom=lst&thumbnail=,4.9,61 Ratings,"Mahape Shil Road Ghansoli, Navi Mumbai",08511688523,WhatsApp,AC Installation Services AC Repair & Services
Roop Ac Service,https://www.justdial.com/Navi-Mumbai/Roop-Ac-Service-Near-Temptation-Hotel-Ghansoli/022PXX22-XX22-240913040451-F4G3_BZDET?trkid=&term=&ncatid=10890481&area=&search=Popular%20AC%20Repair%20&%20Services%20in%20Mumbai&mncatname=AC%20Repair%20%26%20Services&ftterm=&abd_btn=Send%20Enquiry&abd_heading=AC%20Repair%20&%20Services&isOpenAbd=1&bd=1&cat_b2b_flag=0&searchfrom=lst&thumbnail=,4.7,12 Ratings,"Sector 11 Ghansoli, Navi Mumbai",08050895530,WhatsApp,AC Installation Services AC Repair & Services
Biotech Cooling Service,https://www.justdial.com/Mumbai/Biotech-Cooling-Service-Next-To-Malad-Industrial-Estate-Malad-West/022PXX22-XX22-250703145348-C4T8_BZDET?trkid=&term=&ncatid=10890481&area=&search=Popular%20AC%20Repair%20&%20Services%20in%20Mumbai&mncatname=AC%20Repair%20%26%20Services&ftterm=&abd_btn=Send%20Enquiry&abd_heading=AC%20Repair%20&%20Services&isOpenAbd=1&bd=1&cat_b2b_flag=0&searchfrom=lst&thumbnail=,5.0,4 Ratings,"D'monte Ln Malad West, Mumbai",07041440681,WhatsApp,
Om Refrigeration,https://www.justdial.com/Thane/Om-Refrigeration-Near-Bharat-Gas-Ambernath/022PXX22-XX22-171212172427-K8G4_BZDET?trkid=&term=&ncatid=10890481&area=&search=Popular%20AC%20Repair%20&%20Services%20in%20Mumbai&mncatname=AC%20Repair%20%26%20Services&ftterm=&abd_btn=Send%20Enquiry&abd_heading=AC%20Repair%20&%20Services&isOpenAbd=1&bd=1&cat_b2b_flag=0&searchfrom=lst&thumbnail=,4.7,"1,075 Ratings","B-Cabin Road Ambernath, Thane",09980230776,WhatsApp,
Prime Cool and Electric Services,https://www.justdial.com/Mumbai/Prime-Cool-and-Electric-Services-Near-Siddhart-Hospital-Goregaon-West/022PXX22-XX22-210107121423-J9Q1_BZDET?trkid=&term=&ncatid=10890481&area=&search=Popular%20AC%20Repair%20&%20Services%20in%20Mumbai&mncatname=AC%20Repair%20%26%20Services&ftterm=&abd_btn=Send%20Enquiry&abd_heading=AC%20Repair%20&%20Services&isOpenAbd=1&bd=1&cat_b2b_flag=0&searchfrom=lst&thumbnail=,4.6,24 Ratings,"Road No -01 Goregaon West, Mumbai",08904952158,WhatsApp,
National Aircondition,https://www.justdial.com/Mumbai/National-Aircondition-Opposite-Dhiraj-Gaurav-Height-Near-Infinity-Mall-Jogeshwari-West/022PXX22-XX22-110530193020-M3J9_BZDET?trkid=&term=&ncatid=10890481&area=&search=Popular%20AC%20Repair%20&%20Services%20in%20Mumbai&mncatname=AC%20Repair%20%26%20Services&ftterm=&abd_btn=Send%20Enquiry&abd_heading=AC%20Repair%20&%20Services&isOpenAbd=1&bd=1&cat_b2b_flag=0&searchfrom=lst&thumbnail=,4.3,"1,224 Ratings","Off New Link Road Jogeshwari West, Mumbai",09845207664,WhatsApp,AC Repair & Services-LG AC Repair & Services
Max AIR Cool,https://www.justdial.com/Palghar/Max-AIR-Cool-Near-Badar-Hospital-Nalasopara-West/022PXX22-XX22-241004192446-C7S3_BZDET?trkid=&term=&ncatid=10890481&area=&search=Popular%20AC%20Repair%20&%20Services%20in%20Mumbai&mncatname=AC%20Repair%20%26%20Services&ftterm=&abd_btn=Send%20Enquiry&abd_heading=AC%20Repair%20&%20Services&isOpenAbd=1&bd=1&cat_b2b_flag=0&searchfrom=lst&thumbnail=,4.8,110 Ratings,"Near Jama Masjid Nalasopara West, Palghar",08460435070,WhatsApp,
Eassylife,https://www.justdial.com/Mumbai/Eassylife-Opposite-Mtnl-Office-Powai-Tunga-Village-Chandivali-Andheri-East/022PXX22-XX22-240601105624-N4M4_BZDET?trkid=&term=&ncatid=10890481&area=&search=Popular%20AC%20Repair%20&%20Services%20in%20Mumbai&mncatname=AC%20Repair%20%26%20Services&ftterm=&abd_btn=Send%20Enquiry&abd_heading=AC%20Repair%20&%20Services&isOpenAbd=1&bd=1&cat_b2b_flag=0&searchfrom=lst&thumbnail=,4.0,7 Ratings,"Tunga Village-chandivali-andheri East, Mumbai",08734957201,WhatsApp,AC Repair & Services Residential Pest Control Services
Sky Cool,https://www.justdial.com/Mumbai/Sky-Cool-Nr-Police-Chowki-Malad-West/022PXX22-XX22-250628124638-J7D9_BZDET?trkid=&term=&ncatid=10890481&area=&search=Popular%20AC%20Repair%20&%20Services%20in%20Mumbai&mncatname=AC%20Repair%20%26%20Services&ftterm=&abd_btn=Send%20Enquiry&abd_heading=AC%20Repair%20&%20Services&isOpenAbd=1&bd=1&cat_b2b_flag=0&searchfrom=lst&thumbnail=,3.5,2 Ratings,"Abdul Hamid Road Malad West, Mumbai",06366948298,WhatsApp,AC Installation Services AC Repair & Services
Maratha Enterprises,https://www.justdial.com/Palghar/Maratha-Enterprises-Kaul-Heritage-City-Vasai-West/022PXX22-XX22-231016212044-K5M2_BZDET?trkid=&term=&ncatid=10890481&area=&search=Popular%20AC%20Repair%20&%20Services%20in%20Mumbai&mncatname=AC%20Repair%20%26%20Services&ftterm=&abd_btn=Send%20Enquiry&abd_heading=AC%20Repair%20&%20Services&isOpenAbd=1&bd=1&cat_b2b_flag=0&searchfrom=lst&thumbnail=,4.8,151 Ratings,"Chulne Vasai West, Palghar",08488060469,WhatsApp,AC Repair & Services Refrigerator Repair & Services
Royal Climate Control,https://www.justdial.com/Palghar/Royal-Climate-Control-Vasai-East/022PXX22-XX22-250210025623-N3F3_BZDET?trkid=&term=&ncatid=10890481&area=&search=Popular%20AC%20Repair%20&%20Services%20in%20Mumbai&mncatname=AC%20Repair%20%26%20Services&ftterm=&abd_btn=Send%20Enquiry&abd_heading=AC%20Repair%20&%20Services&isOpenAbd=1&bd=1&cat_b2b_flag=0&searchfrom=lst&thumbnail=,5.0,7 Ratings,"Vasai Phata Vasai East, Palghar",08123233368,WhatsApp,AC Repair & Services Refrigerator Repair & Services
Abaan Cool Service,https://www.justdial.com/Palghar/Abaan-Cool-Service-Near-Chinde-Rice-Mill-Nalasopara-West/022PXX22-XX22-250802203105-T8Z9_BZDET?trkid=&term=&ncatid=10890481&area=&search=Popular%20AC%20Repair%20&%20Services%20in%20Mumbai&mncatname=AC%20Repair%20%26%20Services&ftterm=&abd_btn=Send%20Enquiry&abd_heading=AC%20Repair%20&%20Services&isOpenAbd=1&bd=1&cat_b2b_flag=0&searchfrom=lst&thumbnail=,5.0,17 Ratings,"Samelpada Marg Nalasopara West, Palghar",09054373993,WhatsApp,AC Repair & Services AC On Rent
Arun Corporation,https://www.justdial.com/Thane/Arun-Corporation-Near-Union-Bank-Mira-Road-East/022PXX22-XX22-250306130618-D2W9_BZDET?trkid=&term=&ncatid=10890481&area=&search=Popular%20AC%20Repair%20&%20Services%20in%20Mumbai&mncatname=AC%20Repair%20%26%20Services&ftterm=&abd_btn=Send%20Enquiry&abd_heading=AC%20Repair%20&%20Services&isOpenAbd=1&bd=1&cat_b2b_flag=0&searchfrom=lst&thumbnail=,4.8,64 Ratings,"Mira Bhayander Mira Road East, Thane",09980767870,WhatsApp,AC Repair & Services AC Dealers
Royal AIR Conditioning Services,https://www.justdial.com/Thane/Royal-AIR-Conditioning-Services-Behind-R-Mall-Manpada-Thane-West/022PXX22-XX22-190319132450-V4R5_BZDET?trkid=&term=&ncatid=10890481&area=&search=Popular%20AC%20Repair%20&%20Services%20in%20Mumbai&mncatname=AC%20Repair%20%26%20Services&ftterm=&abd_btn=Send%20Enquiry&abd_heading=AC%20Repair%20&%20Services&isOpenAbd=1&bd=1&cat_b2b_flag=0&searchfrom=lst&thumbnail=,4.5,34 Ratings,"Manpada-thane West, Thane",08123745824,WhatsApp,Split AC Installation Services AC Repair & Services
Smart Cool Air condition,https://www.justdial.com/Mumbai/Smart-Cool-Air-condition-Juhu-Santacruz-West/022PXX22-XX22-250306204208-N4L2_BZDET?trkid=&term=&ncatid=10890481&area=&search=Popular%20AC%20Repair%20&%20Services%20in%20Mumbai&mncatname=AC%20Repair%20%26%20Services&ftterm=&abd_btn=Send%20Enquiry&abd_heading=AC%20Repair%20&%20Services&isOpenAbd=1&bd=1&cat_b2b_flag=0&searchfrom=lst&thumbnail=,4.7,77 Ratings,"Juhu Tara Santacruz West, Mumbai",08460197140,WhatsApp,AC Repair & Services AC Installation Services
A.S.HOME APPLIANCES SARVICE,https://www.justdial.com/Palghar/ASHOME-APPLIANCES-SARVICE-Near-Masjid-Nalasopara-West/022PXX22-XX22-230418141623-A6L1_BZDET?trkid=&term=&ncatid=10890481&area=&search=Popular%20AC%20Repair%20&%20Services%20in%20Mumbai&mncatname=AC%20Repair%20%26%20Services&ftterm=&abd_btn=Send%20Enquiry&abd_heading=AC%20Repair%20&%20Services&isOpenAbd=1&bd=1&cat_b2b_flag=0&searchfrom=lst&thumbnail=,4.7,16 Ratings,"2nd Road Nalasopara West, Palghar",08904974127,WhatsApp,Window AC Installation Services AC Repair & Services
Bombay AIR Condition,https://www.justdial.com/Navi-Mumbai/Bombay-AIR-Condition-Near-Gavdevi-Mandir-Cbd-Belapur-Sector-20/022PXX22-XX22-230901115204-L2I6_BZDET?trkid=&term=&ncatid=10890481&area=&search=Popular%20AC%20Repair%20&%20Services%20in%20Mumbai&mncatname=AC%20Repair%20%26%20Services&ftterm=&abd_btn=Send%20Enquiry&abd_heading=AC%20Repair%20&%20Services&isOpenAbd=1&bd=1&cat_b2b_flag=0&searchfrom=lst&thumbnail=,4.2,40 Ratings,"Garage Line Cbd Belapur Sector 20, Navi Mumbai",07405813906,WhatsApp,AC Repair & Services Split AC Repair & Services
Shah Air Conditioner,https://www.justdial.com/Kalyan/Shah-Air-Conditioner-Kalyan-East/022PXX22-XX22-250924155602-Y5B4_BZDET?trkid=&term=&ncatid=10890481&area=&search=Popular%20AC%20Repair%20&%20Services%20in%20Mumbai&mncatname=AC%20Repair%20%26%20Services&ftterm=&abd_btn=Send%20Enquiry&abd_heading=AC%20Repair%20&%20Services&isOpenAbd=1&bd=1&cat_b2b_flag=0&searchfrom=lst&thumbnail=,3.5,2 Ratings,"Near Rambai Garden Pessavali Gaon Kalyan East, Kalyan",08511370620,WhatsApp,AC Repair & Services AC Installation Services
Varun Cool Center,https://www.justdial.com/Mumbai/Varun-Cool-Center-Near-Maxus-Cinemas-Opposite-To-M-K-Brothers-Sakinaka/022PXX22-XX22-250821135505-B4D7_BZDET?trkid=&term=&ncatid=10890481&area=&search=Popular%20AC%20Repair%20&%20Services%20in%20Mumbai&mncatname=AC%20Repair%20%26%20Services&ftterm=&abd_btn=Send%20Enquiry&abd_heading=AC%20Repair%20&%20Services&isOpenAbd=1&bd=1&cat_b2b_flag=0&searchfrom=lst&thumbnail=,5.0,7 Ratings,"New Masjid Lane Sakinaka, Mumbai",Show Number,WhatsApp,AC Installation Services AC Repair & Services
Royal Gokul Services,https://www.justdial.com/Mumbai/Royal-Gokul-Services-Near-Gokuldham-Market-Near-Swapnalok-Tower-Malad-East/022PXX22-XX22-180808105544-P9X7_BZDET?trkid=&term=&ncatid=10890481&area=&search=Popular%20AC%20Repair%20&%20Services%20in%20Mumbai&mncatname=AC%20Repair%20%26%20Services&ftterm=&abd_btn=Send%20Enquiry&abd_heading=AC%20Repair%20&%20Services&isOpenAbd=1&bd=1&cat_b2b_flag=0&searchfrom=lst&thumbnail=,4.8,36 Ratings,"Pimpri Pada Malad East, Mumbai",08460390371,WhatsApp,AC Repair & Services Refrigerator Repair & Services
Sky Cool Engineering,https://www.justdial.com/Mumbai/Sky-Cool-Engineering-T-Junction-Dharavi/022PXX22-XX22-140505192959-H9R6_BZDET?trkid=&term=&ncatid=10890481&area=&search=Popular%20AC%20Repair%20&%20Services%20in%20Mumbai&mncatname=AC%20Repair%20%26%20Services&ftterm=&abd_btn=Send%20Enquiry&abd_heading=AC%20Repair%20&%20Services&isOpenAbd=1&bd=1&cat_b2b_flag=0&searchfrom=lst&thumbnail=,4.5,4 Ratings,"Mahim Sion Link Road Dharavi, Mumbai",08735957286,WhatsApp,AC Repair & Services AC On Rent
Unique Cooling Solution,https://www.justdial.com/Palghar/Unique-Cooling-Solution-Near-Central-Park-Nalasopara-East/022PXX22-XX22-200817161742-Q6G1_BZDET?trkid=&term=&ncatid=10890481&area=&search=Popular%20AC%20Repair%20&%20Services%20in%20Mumbai&mncatname=AC%20Repair%20%26%20Services&ftterm=&abd_btn=Send%20Enquiry&abd_heading=AC%20Repair%20&%20Services&isOpenAbd=1&bd=1&cat_b2b_flag=0&searchfrom=lst&thumbnail=,4.1,77 Ratings,"Central Park Road Nalasopara East, Palghar",07383728389,WhatsApp,Central AC Installation Services AC Repair & Services
AIR Cool,https://www.justdial.com/Mumbai/AIR-Cool-Near-Dosti-Acres-Antop-Hill/022PXX22-XX22-140321150508-E2U7_BZDET?trkid=&term=&ncatid=10890481&area=&search=Popular%20AC%20Repair%20&%20Services%20in%20Mumbai&mncatname=AC%20Repair%20%26%20Services&ftterm=&abd_btn=Send%20Enquiry&abd_heading=AC%20Repair%20&%20Services&isOpenAbd=1&bd=1&cat_b2b_flag=0&searchfrom=lst&thumbnail=,3.8,165 Ratings,"S M Road Antop Hill, Mumbai",08128600463,WhatsApp,AC Repair & Services-Daikin AC Repair & Services
Vaishnavi Cool Point,https://www.justdial.com/Thane/Vaishnavi-Cool-Point-Near-Rajganga-Building-Dombivli-East/022PXX22-XX22-211027201245-Y8Q4_BZDET?trkid=&term=&ncatid=10890481&area=&search=Popular%20AC%20Repair%20&%20Services%20in%20Mumbai&mncatname=AC%20Repair%20%26%20Services&ftterm=&abd_btn=Send%20Enquiry&abd_heading=AC%20Repair%20&%20Services&isOpenAbd=1&bd=1&cat_b2b_flag=0&searchfrom=lst&thumbnail=,4.1,74 Ratings,"New Aarye Road Dombivli East, Thane",09972412661,WhatsApp,AC Repair & Services Refrigerator Repair & Services
Atharv Services,https://www.justdial.com/Thane/Atharv-Services-Opposite-Ashok-Anil-Theatre421003-Ulhasnagar-No-3/022PXX22-XX22-161129153038-J4M2_BZDET?trkid=&term=&ncatid=10890481&area=&search=Popular%20AC%20Repair%20&%20Services%20in%20Mumbai&mncatname=AC%20Repair%20%26%20Services&ftterm=&abd_btn=Send%20Enquiry&abd_heading=AC%20Repair%20&%20Services&isOpenAbd=1&bd=1&cat_b2b_flag=0&searchfrom=lst&thumbnail=,4.7,47 Ratings,"Kalyan Ambernath Road Ulhasnagar No 3, Thane",08511659249,WhatsApp,AC Installation Services AC Repair & Services
Aerify Systems,https://www.justdial.com/Mumbai/Aerify-Systems-Near-Western-Express-Kandivali-East/022PXX22-XX22-240605023515-X4T9_BZDET?cat_b2b_flag=0&searchfrom=lst&bd=1&mncatname=AC%20Repair%20%26%20Services&ncatid=10890481&ftterm=&thumbnail=,4.8,44 Ratings,". Asha Nagar Kandivali East, Mumbai",08511574561,WhatsApp,AC Installation Services AC Repair & Services
Hi Tech Engineering,https://www.justdial.com/Mumbai/Hi-Tech-Engineering-Opposite-Don-Bosco-School-Near-Surve-Maruthi-Temple-Matunga-East/022PXX22-XX22-141110142752-X5T3_BZDET?cat_b2b_flag=0&searchfrom=lst&bd=1&mncatname=AC%20Repair%20%26%20Services&ncatid=10890481&ftterm=&thumbnail=,3.9,7 Ratings,"N P Marg Matunga East, Mumbai",07405379028,WhatsApp,AC Installation Services AC Repair & Services
Sanjay Refrigeration,https://www.justdial.com/Mumbai/Sanjay-Refrigeration-Near-Blue-Galaxy-Building-Dahisar-East/022PXX22-XX22-240115122350-E8K7_BZDET?trkid=&term=&ncatid=10890481&area=&search=Popular%20AC%20Repair%20&%20Services%20in%20Mumbai&mncatname=AC%20Repair%20%26%20Services&ftterm=&abd_btn=Send%20Enquiry&abd_heading=AC%20Repair%20&%20Services&isOpenAbd=1&bd=1&cat_b2b_flag=0&searchfrom=lst&thumbnail=,4.0,27 Ratings,"CS Road Dahisar East, Mumbai",09035684280,WhatsApp,AC Installation Services AC Repair & Services
Accurate Engineering,https://www.justdial.com/Mumbai/Accurate-Engineering-Santacruz-East/022PXX22-XX22-121227135334-X4C9_BZDET?trkid=&term=&ncatid=10890481&area=&search=Popular%20AC%20Repair%20&%20Services%20in%20Mumbai&mncatname=AC%20Repair%20%26%20Services&ftterm=&abd_btn=Send%20Enquiry&abd_heading=AC%20Repair%20&%20Services&isOpenAbd=1&bd=1&cat_b2b_flag=0&searchfrom=lst&thumbnail=,4.3,21 Ratings,"Gate No 1 Santacruz East, Mumbai",09008960690,WhatsApp,AC Repair & Services AC On Rent
S K Enterprises and Airconditioning,https://www.justdial.com/Palghar/S-K-Enterprises-and-Airconditioning-Yashwant-Gaurav-Complex-Nalasopara-West/022PXX22-XX22-250215112114-Q5W4_BZDET?trkid=&term=&ncatid=10890481&area=&search=Popular%20AC%20Repair%20&%20Services%20in%20Mumbai&mncatname=AC%20Repair%20%26%20Services&ftterm=&abd_btn=Send%20Enquiry&abd_heading=AC%20Repair%20&%20Services&isOpenAbd=1&bd=1&cat_b2b_flag=0&searchfrom=lst&thumbnail=,4.0,2 Ratings,"Yashwant Gaurav Nalasopara West, Palghar",09035080074,WhatsApp,AC Dealers AC Repair & Services
Cool & Care Air Conditioning,https://www.justdial.com/Mumbai/Cool-Care-Air-Conditioning-Near-By-Sangram-Hospital-Govandi-West/022PXX22-XX22-250604180809-V2R1_BZDET?trkid=&term=&ncatid=10890481&area=&search=Popular%20AC%20Repair%20&%20Services%20in%20Mumbai&mncatname=AC%20Repair%20%26%20Services&ftterm=&abd_btn=Send%20Enquiry&abd_heading=AC%20Repair%20&%20Services&isOpenAbd=1&bd=1&cat_b2b_flag=0&searchfrom=lst&thumbnail=,4.9,25 Ratings,"Govandi Road Govandi West, Mumbai",08460447656,WhatsApp,AC Installation Services AC Repair & Services
F L AIR Cool Service,https://www.justdial.com/Mumbai/F-L-AIR-Cool-Service-Near-By-Nefrul-Tower-Wadala-West/022PXX22-XX22-230607112938-A3G6_BZDET?trkid=&term=&ncatid=10890481&area=&search=Popular%20AC%20Repair%20&%20Services%20in%20Mumbai&mncatname=AC%20Repair%20%26%20Services&ftterm=&abd_btn=Send%20Enquiry&abd_heading=AC%20Repair%20&%20Services&isOpenAbd=1&bd=1&cat_b2b_flag=0&searchfrom=lst&thumbnail=,4.2,93 Ratings,"Patra Chawl Wadala West, Mumbai",09725399460,WhatsApp,
A S Cool and Service,https://www.justdial.com/Navi-Mumbai/A-S-Cool-and-Service-Sector-12-Panvel-Kamothe/022PXX22-XX22-240925021747-R5H2_BZDET?trkid=&term=&ncatid=10890481&area=&search=Popular%20AC%20Repair%20&%20Services%20in%20Mumbai&mncatname=AC%20Repair%20%26%20Services&ftterm=&abd_btn=Send%20Enquiry&abd_heading=AC%20Repair%20&%20Services&isOpenAbd=1&bd=1&cat_b2b_flag=0&searchfrom=lst&thumbnail=,4.6,14 Ratings,"Raj Society Kamothe, Navi Mumbai",08147332621,WhatsApp,AC Installation Services AC Repair & Services
Smart AIR Cool Service,https://www.justdial.com/Thane/Smart-AIR-Cool-Service-Shiv-Shakti-Chawl-Bhayandar-East/022PXX22-XX22-251003121747-U4H1_BZDET?trkid=&term=&ncatid=10890481&area=&search=Popular%20AC%20Repair%20&%20Services%20in%20Mumbai&mncatname=AC%20Repair%20%26%20Services&ftterm=&abd_btn=Send%20Enquiry&abd_heading=AC%20Repair%20&%20Services&isOpenAbd=1&bd=1&cat_b2b_flag=0&searchfrom=lst&thumbnail=,3.5,2 Ratings,"Adarsh Indra Nagar Bhayandar East, Thane",07411585058,WhatsApp,AC Repair & Services AC Installation Services
Refresh Air Conditioning Services,https://www.justdial.com/Bhiwandi/Refresh-Air-Conditioning-Services-Near-Furqaniya-Masjid-Dhobi-Talao-Dhamankar-Naka/022PXX22-XX22-241227230237-V1M1_BZDET?trkid=&term=&ncatid=10890481&area=&search=Popular%20AC%20Repair%20&%20Services%20in%20Mumbai&mncatname=AC%20Repair%20%26%20Services&ftterm=&abd_btn=Send%20Enquiry&abd_heading=AC%20Repair%20&%20Services&isOpenAbd=1&bd=1&cat_b2b_flag=0&searchfrom=lst&thumbnail=,4.9,11 Ratings,"Dhobi Talao Road Dhamankar Naka, Bhiwandi",,WhatsApp,Washing Machine Repair & Services AC Repair & Services
AIR Cool Services,https://www.justdial.com/Navi-Mumbai/AIR-Cool-Services-Nearby-Vitthal-Mandir-Ghansoli/022PXX22-XX22-240117124558-L6J9_BZDET?trkid=&term=&ncatid=10890481&area=&search=Popular%20AC%20Repair%20&%20Services%20in%20Mumbai&mncatname=AC%20Repair%20%26%20Services&ftterm=&abd_btn=Send%20Enquiry&abd_heading=AC%20Repair%20&%20Services&isOpenAbd=1&bd=1&cat_b2b_flag=0&searchfrom=lst&thumbnail=,4.5,38 Ratings,"Ghansoli Goan Ghansoli, Navi Mumbai",09054302726,WhatsApp,
Yuvan Cooling Solution Point,https://www.justdial.com/Mumbai/Yuvan-Cooling-Solution-Point-Santacruz-East/022PXX22-XX22-250326202103-T2Q3_BZDET?trkid=&term=&ncatid=10890481&area=&search=Popular%20AC%20Repair%20&%20Services%20in%20Mumbai&mncatname=AC%20Repair%20%26%20Services&ftterm=&abd_btn=Send%20Enquiry&abd_heading=AC%20Repair%20&%20Services&isOpenAbd=1&bd=1&cat_b2b_flag=0&searchfrom=lst&thumbnail=,4.6,11 Ratings,"Vakola Pipeline Road Santacruz East, Mumbai",07041550472,WhatsApp,AC Repair & Services AC Installation Services
S K Aircon,https://www.justdial.com/Palghar/S-K-Aircon-Near-Railway-Carshed-Nalasopara-West/022PXX22-XX22-250519144012-S1V7_BZDET?trkid=&term=&ncatid=10890481&area=&search=Popular%20AC%20Repair%20&%20Services%20in%20Mumbai&mncatname=AC%20Repair%20%26%20Services&ftterm=&abd_btn=Send%20Enquiry&abd_heading=AC%20Repair%20&%20Services&isOpenAbd=1&bd=1&cat_b2b_flag=0&searchfrom=lst&thumbnail=,5.0,2 Ratings,"Yashwant Gaurav Road Nalasopara West, Palghar",,WhatsApp,AC Repair & Services AC Installation Services
Sadguru Enterprises,https://www.justdial.com/Kalyan/Sadguru-Enterprises-Gajanand-Maharaj-Mandir-Manisha-Nagar-Kalyan-West/022PXX22-XX22-240305121523-S2S9_BZDET?trkid=&term=&ncatid=10890481&area=&search=Popular%20AC%20Repair%20&%20Services%20in%20Mumbai&mncatname=AC%20Repair%20%26%20Services&ftterm=&abd_btn=Send%20Enquiry&abd_heading=AC%20Repair%20&%20Services&isOpenAbd=1&bd=1&cat_b2b_flag=0&searchfrom=lst&thumbnail=,4.7,30 Ratings,"Beturkar Pada Kalyan West, Kalyan",08460305183,WhatsApp,AC Installation Services AC Repair & Services
Laxmi Wash & Cool Service,https://www.justdial.com/Palghar/Laxmi-Wash-Cool-Service-Opposite-Agarwal-Group-Virar-West/022PXX22-XX22-180618225231-B8N6_BZDET?trkid=&term=&ncatid=10890481&area=&search=Popular%20AC%20Repair%20&%20Services%20in%20Mumbai&mncatname=AC%20Repair%20%26%20Services&ftterm=&abd_btn=Send%20Enquiry&abd_heading=AC%20Repair%20&%20Services&isOpenAbd=1&bd=1&cat_b2b_flag=0&searchfrom=lst&thumbnail=,4.8,151 Ratings,"Avenue A-4 Virar West, Palghar",09606408171,WhatsApp,Split AC Repair & Services AC Repair & Services
Khushbu Airkare,https://www.justdial.com/Thane/Khushbu-Airkare-Mira-Road-Station-Bus-Stop-Mira-Road-East/022PXX22-XX22-140324125522-F9I6_BZDET?trkid=&term=&ncatid=10890481&area=&search=Popular%20AC%20Repair%20&%20Services%20in%20Mumbai&mncatname=AC%20Repair%20%26%20Services&ftterm=&abd_btn=Send%20Enquiry&abd_heading=AC%20Repair%20&%20Services&isOpenAbd=1&bd=1&cat_b2b_flag=0&searchfrom=lst&thumbnail=,3.1,16 Ratings,"Mira Nursing Home Mira Road East, Thane",08511415130,WhatsApp,AC AMC AC Repair & Services
Pramod Fast Ac Repairing,https://www.justdial.com/Palghar/Pramod-Fast-Ac-Repairing-Near-K-T-Multivision-Boisar/022PXX22-XX22-240202085358-W6D6_BZDET?trkid=&term=&ncatid=10890481&area=&search=Popular%20AC%20Repair%20&%20Services%20in%20Mumbai&mncatname=AC%20Repair%20%26%20Services&ftterm=&abd_btn=Send%20Enquiry&abd_heading=AC%20Repair%20&%20Services&isOpenAbd=1&bd=1&cat_b2b_flag=0&searchfrom=lst&thumbnail=,3.7,3 Ratings,"Tarapur Road Boisar, Palghar",09724970212,WhatsApp,Computer Repair Computer Accessory Repair Computer AMC
Delton India,https://www.justdial.com/Navi-Mumbai/Delton-India-Near-Central-Ware-House-Turbhe/022PXX22-XX22-230221180244-U2X1_BZDET?trkid=&term=&ncatid=10890481&area=&search=Popular%20AC%20Repair%20&%20Services%20in%20Mumbai&mncatname=AC%20Repair%20%26%20Services&ftterm=&abd_btn=Send%20Enquiry&abd_heading=AC%20Repair%20&%20Services&isOpenAbd=1&bd=1&cat_b2b_flag=0&searchfrom=lst&thumbnail=,4.4,5 Ratings,"Sector 20 Turbhe, Navi Mumbai",08401334977,WhatsApp,AC Repair & Services AC Installation Services
Cool House,https://www.justdial.com/Thane/Cool-House-Near-Hanuman-Mandir-Bhayandar-West/022PXX22-XX22-160120162935-Z5Z5_BZDET?trkid=&term=&ncatid=10890481&area=&search=Popular%20AC%20Repair%20&%20Services%20in%20Mumbai&mncatname=AC%20Repair%20%26%20Services&ftterm=&abd_btn=Send%20Enquiry&abd_heading=AC%20Repair%20&%20Services&isOpenAbd=1&bd=1&cat_b2b_flag=0&searchfrom=lst&thumbnail=,5.0,7 Ratings,"Narayan Nager Road Bhayandar West, Thane",07022539774,WhatsApp,AC Repair & Services AC Installation Services
I Cool Refrigeration,https://www.justdial.com/Mumbai/I-Cool-Refrigeration-Govandi/022PXX22-XX22-250814113709-K7V7_BZDET?trkid=&term=&ncatid=10890481&area=&search=Popular%20AC%20Repair%20&%20Services%20in%20Mumbai&mncatname=AC%20Repair%20%26%20Services&ftterm=&abd_btn=Send%20Enquiry&abd_heading=AC%20Repair%20&%20Services&isOpenAbd=1&bd=1&cat_b2b_flag=0&searchfrom=lst&thumbnail=,4.6,17 Ratings,"Panvel Road Govandi, Mumbai",08511060840,WhatsApp,AC Repair & Services-Air Command AC Repair & Services
Nazeera Air Cool,https://www.justdial.com/Mumbai/Nazeera-Air-Cool-Near-New-Collector-Compound-Malad-West/022PXX22-XX22-240926030136-P2K3_BZDET?trkid=&term=&ncatid=10890481&area=&search=Popular%20AC%20Repair%20&%20Services%20in%20Mumbai&mncatname=AC%20Repair%20%26%20Services&ftterm=&abd_btn=Send%20Enquiry&abd_heading=AC%20Repair%20&%20Services&isOpenAbd=1&bd=1&cat_b2b_flag=0&searchfrom=lst&thumbnail=,4.4,7 Ratings,"Malwani 6 No Malad West, Mumbai",08401485227,WhatsApp,AC Repair & Services AC On Rent
Benz Aircon,https://www.justdial.com/Mumbai/Benz-Aircon-Behram-Baug-Signal-Jogeshwari-West/022PXX22-XX22-181025123541-C4Y8_BZDET?trkid=&term=&ncatid=10890481&area=&search=Popular%20AC%20Repair%20&%20Services%20in%20Mumbai&mncatname=AC%20Repair%20%26%20Services&ftterm=&abd_btn=Send%20Enquiry&abd_heading=AC%20Repair%20&%20Services&isOpenAbd=1&bd=1&cat_b2b_flag=0&searchfrom=lst&thumbnail=,3.0,2 Ratings,"Behram Baug Jogeshwari West, Mumbai",07383588087,WhatsApp,AC Repair & Services AC On Rent
Wefix Enterprises,https://www.justdial.com/Thane/Wefix-Enterprises-Near-Midc-Road-Mira-Road-East/022PXX22-XX22-190314192934-C3W1_BZDET?trkid=&term=&ncatid=10890481&area=&search=Popular%20AC%20Repair%20&%20Services%20in%20Mumbai&mncatname=AC%20Repair%20%26%20Services&ftterm=&abd_btn=Send%20Enquiry&abd_heading=AC%20Repair%20&%20Services&isOpenAbd=1&bd=1&cat_b2b_flag=0&searchfrom=lst&thumbnail=,4.7,400 Ratings,"Mirabhayander Miraroad East Mira Road East, Thane",09972254897,WhatsApp,AC Installation Services AC Repair & Services
SG Air Conditioner,https://www.justdial.com/Navi-Mumbai/SG-Air-Conditioner-Near-Hanuman-Mandir-Nerul-Sector-1/022PXX22-XX22-250331182530-W4U7_BZDET?trkid=&term=&ncatid=10890481&area=&search=Popular%20AC%20Repair%20&%20Services%20in%20Mumbai&mncatname=AC%20Repair%20%26%20Services&ftterm=&abd_btn=Send%20Enquiry&abd_heading=AC%20Repair%20&%20Services&isOpenAbd=1&bd=1&cat_b2b_flag=0&searchfrom=lst&thumbnail=,4.4,8 Ratings,"Shirvane Gaon Nerul Sector 1, Navi Mumbai",09054891932,WhatsApp,
Weather Cool Engineers,https://www.justdial.com/Thane/Weather-Cool-Engineers-Naupada-Thane-West/022PXX22-XX22-130215081730-Q8Y1_BZDET?trkid=&term=&ncatid=10890481&area=&search=Popular%20AC%20Repair%20&%20Services%20in%20Mumbai&mncatname=AC%20Repair%20%26%20Services&ftterm=&abd_btn=Send%20Enquiry&abd_heading=AC%20Repair%20&%20Services&isOpenAbd=1&bd=1&cat_b2b_flag=0&searchfrom=lst&thumbnail=,4.2,823 Ratings,"Naupada-thane West, Thane",09845234871,WhatsApp,AC Repair & Services AC Dealers
Super AIR Condition,https://www.justdial.com/Mumbai/Super-AIR-Condition-Near-Railway-Station-Jogeshwari-West/022PXX22-XX22-180420131612-Z5A8_BZDET?trkid=&term=&ncatid=10890481&area=&search=Popular%20AC%20Repair%20&%20Services%20in%20Mumbai&mncatname=AC%20Repair%20%26%20Services&ftterm=&abd_btn=Send%20Enquiry&abd_heading=AC%20Repair%20&%20Services&isOpenAbd=1&bd=1&cat_b2b_flag=0&searchfrom=lst&thumbnail=,4.3,10 Ratings,"S V Road Jogeshwari West, Mumbai",08045798652,WhatsApp,AC Repair & Services Refrigerator Repair & Services
Star Electronics,https://www.justdial.com/Mumbai/Star-Electronics-Vakola-Masjid-Santacruz-East/022PXX22-XX22-250217132619-R8F7_BZDET?trkid=&term=&ncatid=10890481&area=&search=Popular%20AC%20Repair%20&%20Services%20in%20Mumbai&mncatname=AC%20Repair%20%26%20Services&ftterm=&abd_btn=Send%20Enquiry&abd_heading=AC%20Repair%20&%20Services&isOpenAbd=1&bd=1&cat_b2b_flag=0&searchfrom=lst&thumbnail=,5.0,9 Ratings,"VAKOLA Santacruz East, Mumbai",08401533373,WhatsApp,
Present Cool Services,https://www.justdial.com/Mumbai/Present-Cool-Services-Mumbai-Central/022PXX22-XX22-250816154659-W3J9_BZDET?trkid=&term=&ncatid=10890481&area=&search=Popular%20AC%20Repair%20&%20Services%20in%20Mumbai&mncatname=AC%20Repair%20%26%20Services&ftterm=&abd_btn=Send%20Enquiry&abd_heading=AC%20Repair%20&%20Services&isOpenAbd=1&bd=1&cat_b2b_flag=0&searchfrom=lst&thumbnail=,4.3,24 Ratings,"Do Taki Bharat Lokhand Mumbai Central, Mumbai",09724872511,WhatsApp,AC AMC AC Repair & Services
Unique Tech Services,https://www.justdial.com/Mumbai/Unique-Tech-Services-Opposite-Bmw-Showroom-Andheri-West/022PXX22-XX22-200303114020-B3W4_BZDET?trkid=&term=&ncatid=10890481&area=&search=Popular%20AC%20Repair%20&%20Services%20in%20Mumbai&mncatname=AC%20Repair%20%26%20Services&ftterm=&abd_btn=Send%20Enquiry&abd_heading=AC%20Repair%20&%20Services&isOpenAbd=1&bd=1&cat_b2b_flag=0&searchfrom=lst&thumbnail=,4.4,85 Ratings,"Gulmohar Road Andheri West, Mumbai",08904931368,WhatsApp,
Freeze Zone,https://www.justdial.com/Mumbai/Freeze-Zone-N-N-P-Goregaon-East/022PXX22-XX22-250103110210-E1K1_BZDET?trkid=&term=&ncatid=10890481&area=&search=Popular%20AC%20Repair%20&%20Services%20in%20Mumbai&mncatname=AC%20Repair%20%26%20Services&ftterm=&abd_btn=Send%20Enquiry&abd_heading=AC%20Repair%20&%20Services&isOpenAbd=1&bd=1&cat_b2b_flag=0&searchfrom=lst&thumbnail=,5.0,29 Ratings,"Film City Road Goregaon East, Mumbai",09725061323,WhatsApp,AC Installation Services AC Repair & Services
One Electronics,https://www.justdial.com/Thane/One-Electronics-Nr-Haidery-Hospital-Mira-Road-East/022PXX22-XX22-220820162106-U7U4_BZDET?trkid=&term=&ncatid=10890481&area=&search=Popular%20AC%20Repair%20&%20Services%20in%20Mumbai&mncatname=AC%20Repair%20%26%20Services&ftterm=&abd_btn=Send%20Enquiry&abd_heading=AC%20Repair%20&%20Services&isOpenAbd=1&bd=1&cat_b2b_flag=0&searchfrom=lst&thumbnail=,4.0,18 Ratings,"Opp Haidery Chowk Mira Road East, Thane",08123354168,WhatsApp,AC Repair & Services Refrigerator Repair & Services
Air Design-Air Conditionin,https://www.justdial.com/Mumbai/Air-Design-Air-Conditionin-Opposite-Hill-Residency-Building-Near-Shivsena-Gali-Near-Highland-Park-Mulund-West/022PXX22-XX22-171110133125-J2D7_BZDET?trkid=&term=&ncatid=10890481&area=&search=Popular%20AC%20Repair%20&%20Services%20in%20Mumbai&mncatname=AC%20Repair%20%26%20Services&ftterm=&abd_btn=Send%20Enquiry&abd_heading=AC%20Repair%20&%20Services&isOpenAbd=1&bd=1&cat_b2b_flag=0&searchfrom=lst&thumbnail=,4.8,133 Ratings,"Mulund Colony Mulund West, Mumbai",09845468264,WhatsApp,HVAC Ducting Services AC Repair & Services
Global Compressor,https://www.justdial.com/Thane/Global-Compressor-Near-Josh-Building-Wagle-Estate-Thane-West/022PXX22-XX22-170914162127-A6W7_BZDET?trkid=&term=&ncatid=10890481&area=&search=Popular%20AC%20Repair%20&%20Services%20in%20Mumbai&mncatname=AC%20Repair%20%26%20Services&ftterm=&abd_btn=Send%20Enquiry&abd_heading=AC%20Repair%20&%20Services&isOpenAbd=1&bd=1&cat_b2b_flag=0&searchfrom=lst&thumbnail=,4.2,27 Ratings,"Road No 22 Thane West, Thane",09845464699,WhatsApp,Second Hand AC Buyers AC Repair & Services
Hardik Service Centre,https://www.justdial.com/Mumbai/Hardik-Service-Centre-Jambli-Gali-Opposite-Jain-Temple-Borivali-West/022PK046751_BZDET?trkid=&term=&ncatid=10890481&area=&search=Popular%20AC%20Repair%20&%20Services%20in%20Mumbai&mncatname=AC%20Repair%20%26%20Services&ftterm=&abd_btn=Send%20Enquiry&abd_heading=AC%20Repair%20&%20Services&isOpenAbd=1&bd=1&cat_b2b_flag=0&searchfrom=lst&thumbnail=,4.2,5 Ratings,"S V Road Borivali West, Mumbai",08511956398,WhatsApp,AC Repair & Services Washing Machine Repair & Services
Jetcool Engineering,https://www.justdial.com/Mumbai/Jetcool-Engineering-Behind-Uttam-Dhaba-Marol-Andheri-East/022PXX22-XX22-200318195749-E8L6_BZDET?trkid=&term=&ncatid=10890481&area=&search=Popular%20AC%20Repair%20&%20Services%20in%20Mumbai&mncatname=AC%20Repair%20%26%20Services&ftterm=&abd_btn=Send%20Enquiry&abd_heading=AC%20Repair%20&%20Services&isOpenAbd=1&bd=1&cat_b2b_flag=0&searchfrom=lst&thumbnail=,4.4,57 Ratings,"Marol-andheri East, Mumbai",08460535318,WhatsApp,AC Installation Services AC Repair & Services
Sanvi Enterprises,https://www.justdial.com/Thane/Sanvi-Enterprises-Nilje/022PXX22-XX22-141205133723-X8X8_BZDET?trkid=&term=&ncatid=10890481&area=&search=Popular%20AC%20Repair%20&%20Services%20in%20Mumbai&mncatname=AC%20Repair%20%26%20Services&ftterm=&abd_btn=Send%20Enquiry&abd_heading=AC%20Repair%20&%20Services&isOpenAbd=1&bd=1&cat_b2b_flag=0&searchfrom=lst&thumbnail=,4.8,352 Ratings,"Kolegaon Badlapur Road Nilje, Thane",09845266679,WhatsApp,AC Repair & Services Refrigerator Repair & Services
Md Cool Services,https://www.justdial.com/Mumbai/Md-Cool-Services-Qureshi-Compund-Jogeshwari-West/022PXX22-XX22-241104161720-U3I8_BZDET?trkid=&term=&ncatid=10890481&area=&search=Popular%20AC%20Repair%20&%20Services%20in%20Mumbai&mncatname=AC%20Repair%20%26%20Services&ftterm=&abd_btn=Send%20Enquiry&abd_heading=AC%20Repair%20&%20Services&isOpenAbd=1&bd=1&cat_b2b_flag=0&searchfrom=lst&thumbnail=,5.0,14 Ratings,"Beharmbaugh Jogeshwari West, Mumbai",08734997954,WhatsApp,AC Repair & Services AC Installation Services
Quick Services,https://www.justdial.com/Mumbai/Quick-Services-Opp-Krishna-Dying-Block-Andheri-East/022PXX22-XX22-200224121555-L3J8_BZDET?trkid=&term=&ncatid=10890481&area=&search=Popular%20AC%20Repair%20&%20Services%20in%20Mumbai&mncatname=AC%20Repair%20%26%20Services&ftterm=&abd_btn=Send%20Enquiry&abd_heading=AC%20Repair%20&%20Services&isOpenAbd=1&bd=1&cat_b2b_flag=0&searchfrom=lst&thumbnail=,4.0,111 Ratings,"Dr Sarvapalli Radha Rd Andheri East, Mumbai",08401390605,WhatsApp,AC Repair & Services AC Installation Services
Pradeep AC Service,https://www.justdial.com/Palghar/Pradeep-AC-Service-Welfare-Sovasai-Vasai-East/022PXX22-XX22-250917181444-A7T4_BZDET?trkid=&term=&ncatid=10890481&area=&search=Popular%20AC%20Repair%20&%20Services%20in%20Mumbai&mncatname=AC%20Repair%20%26%20Services&ftterm=&abd_btn=Send%20Enquiry&abd_heading=AC%20Repair%20&%20Services&isOpenAbd=1&bd=1&cat_b2b_flag=0&searchfrom=lst&thumbnail=,5.0,1 Ratings,"Boidapada Road Vasai East, Palghar",08460567162,WhatsApp,AC AMC AC Repair & Services
Vimal Cool Services,https://www.justdial.com/Mumbai/Vimal-Cool-Services-Opposite-Katariya-Colony-Mahim/022PXX22-XX22-250731142938-S8F2_BZDET?trkid=&term=&ncatid=10890481&area=&search=Popular%20AC%20Repair%20&%20Services%20in%20Mumbai&mncatname=AC%20Repair%20%26%20Services&ftterm=&abd_btn=Send%20Enquiry&abd_heading=AC%20Repair%20&%20Services&isOpenAbd=1&bd=1&cat_b2b_flag=0&searchfrom=lst&thumbnail=,3.5,2 Ratings,"V.S. Marg Mahim, Mumbai",07795735915,WhatsApp,AC Repair & Services AC On Rent
A K Enterprises,https://www.justdial.com/Thane/A-K-Enterprises-Near-Marathi-School-Ambernath-West/022PXX22-XX22-200229160957-E1A6_BZDET?trkid=&term=&ncatid=10890481&area=&search=Popular%20AC%20Repair%20&%20Services%20in%20Mumbai&mncatname=AC%20Repair%20%26%20Services&ftterm=&abd_btn=Send%20Enquiry&abd_heading=AC%20Repair%20&%20Services&isOpenAbd=1&bd=1&cat_b2b_flag=0&searchfrom=lst&thumbnail=,4.7,12 Ratings,"K B Road Ambernath West, Thane",08511684034,WhatsApp,AC Repair & Services Refrigerator Repair & Services
AIR Cool Services,https://www.justdial.com/Mumbai/AIR-Cool-Services-Behind-Wadia-School-Near-D-N-Nagar-Andheri-West/022PXX22-XX22-170616171658-Z5P2_BZDET?trkid=&term=&ncatid=10890481&area=&search=Popular%20AC%20Repair%20&%20Services%20in%20Mumbai&mncatname=AC%20Repair%20%26%20Services&ftterm=&abd_btn=Send%20Enquiry&abd_heading=AC%20Repair%20&%20Services&isOpenAbd=1&bd=1&cat_b2b_flag=0&searchfrom=lst&thumbnail=,3.3,28 Ratings,"Idgah Lane Andheri West, Mumbai",08487891160,WhatsApp,AC Repair & Services AC Installation Services